id,tweet_label,tweet,entity,ent_label
1990283756,0,drinking a McDonalds coffee and not understanding why someone would hurt me for no apparent reason. ,mcdonalds,2
1964951623,0,"got a sniffle, got the kids and hubby just left to work in Sydney for the weekend, boo hoo ",sydney,2
1755405128,0,Allergies sucks sometimes. Theres a super adorable 9 month old beagle named Sydney hanging out with my roomie and his friend. Can't pet. ,sydney,4
1963812485,0,I scratched my iPod ,ipod,2
1882993898,0,@TerrenceJ106. U should have told her and that voice box gone b bad 2 if ur ass keep on smokin them cancer sticks  lol,cancer,0
1981120647,0,@Egyptsaidso u were right about lastnites game  damn i still love Lebron!lol,lebron,4
1558591211,0,My carelessness led to wiping out all contacts on my iPhone ,iphone,2
1965391855,4,@SilMuri yeah that'd be awesome... You're gonna be the new Oprah! Freakin' yeah  *ninja-rolls over to Sil to eat chocolate*,sil,4
1965391855,4,@SilMuri yeah that'd be awesome... You're gonna be the new Oprah! Freakin' yeah  *ninja-rolls over to Sil to eat chocolate*,oprah,4
2000270889,4,"@McChelsea get a glass of wine, a nice book, and just chillax out there.  oh wait, it's seattle, i'll probably rain. hah ",seattle,2
2046866302,4,I L&lt,taylor_swift,4
2008626683,4,Gran Turismo on PSP! FF13 to be on PC! What more can I ask for?! Gran Turismo 5 on PC perhaps? ,psp,2
1548496948,4,Watching Oprah that I had taped from earlier! It's was about Twitter today! ,oprah,2
1548496948,4,Watching Oprah that I had taped from earlier! It's was about Twitter today! ,twitter,2
1751574773,4,@taylorswift13 Taylor Swift I think you're so pretty it makes my heart melt everytime I see your face. ,taylor_swift,4
1685303578,4,"@nick_carter Don't forget my dear, you'll always be in my mind and my heart ok?  BIG kiss and special affection from me (Brazil)! I ? u!",brazil,2
2050433216,4,"@EP31 we have soccer, too~! The New England Revolution, aka the Revs!  TAYLOR TWELLMAN FTW",england,2
2069563222,0,I keep drinking coffee wishing it was Starbucks ,starbucks,4
2068028521,0,exhausted and I have a brutal headache ,headache,0
2009988523,4,"@Michael_Cera starbucks is the best. i work there, i should know  what're you getting there?",starbucks,4
1564688640,0,Feels sad my best friend Skippy is not going to be in London  Thanks for ruining that T! ,london,2
1685337831,0,I wish Fallout 3 was on the PSP...but only because that's all I have with me right now ,psp,2
1977088625,0,"magic vs lakers... I kno my baby @erik_jamaal is happy, but im so not interested in this match up. idk who I will root 4 ",lakers,2
2052051192,0,@Shari58 Still got the fever ,fever,0
1967985329,4,And the west was won! Yeah lakers! ,lakers,4
1467971357,4,Just saw Sunshine Cleaning. I love Amy Adams ,amy_adams,4
2050828881,4,"@m3L1nd4 not in youtube,, but in dvd.. about the story it's mix between meteor garden and hana yori dango.. you must watch it.. ",youtube,2
1559513777,0,I can't find my Ipod   Just tore the living room apart and never found it.,ipod,2
2003692932,0,"@mattress i had my ipod to take notes, i just have such a short attention span I forgot by the time my haircut was done. ",ipod,2
1972285421,0,wow... all i wanted to do is see taylor swift but of course shes sold out! ,taylor_swift,4
1881753278,0,In Mcdonalds....... Wanted To See Star Trek But All Late Times ,mcdonalds,2
1824687073,0,Cancer is such a deadly horrible disease... We need to unite and fight to cure cancer for all... To many people lose the fight... So sad ,cancer,0
1975783415,0,Sitting at McDonalds while JC &amp,mcdonalds,2
1997997283,0,No more orange drink at Mcdonalds  http://tinyurl.com/l2m3hb,mcdonalds,2
2062325265,0,I want to move to London ,london,4
2053704763,4,@feliciaday Hey can you tell me if we can use Xbox 360 to use Twitter as Tickers/popups? That would be Sweet! ,twitter,2
2053704763,4,@feliciaday Hey can you tell me if we can use Xbox 360 to use Twitter as Tickers/popups? That would be Sweet! ,xbox,2
1978906868,4,Youtube and Facebook ftw! ,facebook,4
1978906868,4,Youtube and Facebook ftw! ,youtube,4
1823319180,4,Red Devils champion of England for the 3rd time in a row.  Next stop CL title ,england,2
1957670561,4,Going On The London Eye Today  Wooooo Going To Take Lots Of Pictures So Add Me On Facebook To See Them When I Tweet That I'm Back Okay. ,facebook,2
1957670561,4,Going On The London Eye Today  Wooooo Going To Take Lots Of Pictures So Add Me On Facebook To See Them When I Tweet That I'm Back Okay. ,london,2
1976012690,4,@tru_artiste my dude ima have the pics up soon  prolly facebook,facebook,2
1691089560,4,@HollywoodHansM lol like how gud kobe iz!! lol and its gunn be the lakers &amp,cavs,2
1691089560,4,@HollywoodHansM lol like how gud kobe iz!! lol and its gunn be the lakers &amp,lakers,2
1978392943,4,First day of shows is done  and looking forward to Lakers v Magic finals ,lakers,2
1994653836,4,omg! well..here is the best news of all time in Brazil with McFly: http://bit.ly/zp3If  Look at this boys! ,brazil,2
1960351165,4,@spicebugsmom A few more for you to follow: @aims7 @alirushton @dillyh @Oprah @timescolonist @JohnCleese ...Welcome to Twitter mums ,twitter,2
1467822283,4,"@DaRealSunisaKim Thanks for the Twitter add, Sunisa! I got to meet you once at a HIN show here in the DC area and you were a sweetheart. ",twitter,2
1967963080,4,LAKERS FTW BABYY!! my boys did work tonight!!! ,lakers,4
1976960923,4,Anyone else love the fact that they #Lakers are not even playing tonight but #Kobe is #5 on trending topics! ,kobe,4
1976960923,4,Anyone else love the fact that they #Lakers are not even playing tonight but #Kobe is #5 on trending topics! ,lakers,4
1986945698,4,"@TayStarr awww thats my job, im like mcdonalds girl, i love to see you smile ",mcdonalds,2
1998858304,4,"@BennyDavro Honey, you're not only on the 1st page, you're within about 100 votes of Obama. Rock that grass skirt, luv. ",obama,2
2065608954,4,@tommcfly will you watch Green Day on UK this year? can't wait to see them in Brazil... Billie is trying to learn some portuguese! ,brazil,2
1834752708,0,Starbucks then schooll (: last Monday of middle school! ,starbucks,2
2016132198,0,Wishes his xbox gets error 74 nd then he can send his xbox to germany to get it fixed for free rather than 2 red lighting all the time ,xbox,2
2061283828,4,give me good songs for my ipod please ,ipod,2
2002850941,0,@hemanshujain - My facebook friends were pissed with my tweets ,facebook,2
1468038892,4,@zoecello Love the &quot,twitter,2
1556531135,4,"@jenocidal I think my iPhone was thinking the same thing because the next song was cake, I will survive.   thank you.",iphone,2
1990349229,4,Hey @daughter_4oprah! tomorrow is your mom's birthday right? tell her happy bday for me!!  tnx! is she going to be on oprah??,oprah,2
2057916905,0,....If i am going warsal that means no church in the morning if i dont go church but i think it imporant to see my nan coz she go cancer ,cancer,0
2003160052,4,on the train on the way into london to then get another train to see his bestest friend ,london,2
1976986912,0,Lebron u fucking suck!!!!!! ,lebron,0
2052262229,4,Two major blasts from the past peeps today on Twitter and Facebook. Fun. ,facebook,2
2052262229,4,Two major blasts from the past peeps today on Twitter and Facebook. Fun. ,twitter,2
1833833214,4,Best &quot,taylor_swift,4
1957530518,4,FOLLOW --&gt,cavs,2
1957530518,4,FOLLOW --&gt,twitter,2
1824179844,4,i love miley cyrus and taylor swift...theyre music always makes me feel better ,miley_cyrus,4
1824179844,4,i love miley cyrus and taylor swift...theyre music always makes me feel better ,taylor_swift,4
1557920187,4,@veldagraydon I looked for @Oprah too after she mentioned that she tweeted on twitter and found her too.  Have a glorious day. ,oprah,2
1557920187,4,@veldagraydon I looked for @Oprah too after she mentioned that she tweeted on twitter and found her too.  Have a glorious day. ,twitter,2
1984414823,4,"Home sweet home after a long day in D.C. with Bennett, I had so much fun! I saw the original Obama &quot",obama,2
2068477071,4,"@jaspreetgill http://twitpic.com/6ubr9 - woooho! they get better and better! I'm watching ur videos on YouTube right now  haha, as I'v ...",youtube,2
1970445208,4,another gorgeous day. ah see england isnt always that bad..... ,england,4
2014621536,4,"@Wossy Oh, that is so close to being a dream lineup for me. Will watch it if/when it finally shows in Msia. If not, youtube! ",youtube,2
2065816707,4,love all the drunk pics on facebook of me ,facebook,2
2052807447,4,playing and singing some taylor swift on piano. she writes realli beautiful songs ,taylor_swift,4
1467972810,4,hanging out with Emily. I love her. She's wonderful. ,emily,4
1994183649,4,@Jeremeyxvx you know you broke edge in vegas  happy 8th year brahhh,vegas,2
1977703716,4,@AlexAllTimeLow Sydney Aquarium is the best place in the world  When youre done walk over the bridge and go to the mall (YYY),sydney,4
1977703716,4,@AlexAllTimeLow Sydney Aquarium is the best place in the world  When youre done walk over the bridge and go to the mall (YYY),sydney_aquarium,4
1977703716,4,@AlexAllTimeLow Sydney Aquarium is the best place in the world  When youre done walk over the bridge and go to the mall (YYY),yyy,4
1687763084,4,@tiranw thats bc u love the CAVS  LOL *WINK WINK,cavs,4
2071947594,4,Whoo lakers won!! Now I can breathe haha ,lakers,4
2071326863,4,@csquaredsmiles TWATLIGHT loool.. I know.. now they relate rain to it.. haha thats why i wanna move to england is always cold! ,england,4
1978082061,4,"gosh, i love taylor swift  in the least creepiest way, well",taylor_swift,4
1972193105,4,@_Chelsea_Marie does target ship things to london? thanks so much! im such a demi fan shes amazing! ,london,2
1955881910,0,Oh nooo Demi in Seattle two days after we leave ,seattle,2
2062615979,4,@ddlovato I HAVE A SURPRISE FOR YOU WHEN U COME TO LONDON  cnt wait to seeya ! &lt,london,2
1823969546,4,"i think all musicians should release instrumental versions of their previous albums, like taylor swift did. i love instrumental versions! ",taylor_swift,4
1554518532,0,I hope since @oprah is friends with @ev she doesn't make a call to get me destroyed  #herebeforeoprah,oprah,2
2001350611,0,damn it 150 on xbox . . . but lets see how much it really costs in vegas ,vegas,2
2001350611,0,damn it 150 on xbox . . . but lets see how much it really costs in vegas ,xbox,2
1565434119,0,"at work, ready to start my day...I miss my babies already. What am I going to do without them for 6 days while I'm in Vegas? ",vegas,2
2015302631,0,JTH and CR dropped from the England team. ,england,2
1975317482,0,Southend Tommorow Supporting People At The Race For Life Marathon. My Cousin &amp,cancer,0
1975317482,0,Southend Tommorow Supporting People At The Race For Life Marathon. My Cousin &amp,lung_cancer,0
2052352736,4,@Alex_Jeffreys Welcome back. Emailed you earlier this morning with some stuff. We'll speak real soon. What a time in Vegas we all had ,vegas,2
1556588646,4,you guys should check out fred on youtube hes our favorite youtube star ,youtube,2
2067069136,4,On the bus and ready to go  about to watch twilight on Meredith's ipod.,ipod,2
2061652623,4,wants the new psp. It's SOOOOO COOL!! ,psp,4
1467918533,4,"Amazing night in Dallas with my Advanced TV Production class  Happy Birhtday, Sam!!",dallas,4
1467918533,4,"Amazing night in Dallas with my Advanced TV Production class  Happy Birhtday, Sam!!",sam,4
2053519678,4,The Best Day - Taylor Swift ,taylor_swift,4
1976869280,4,--plotting like i'm mike..'game plan:pass the ball to lebron AT ALL TIMES and DONT FOUL'..certainly we'll win  haha..go cavs goooo!,cavs,4
1976869280,4,--plotting like i'm mike..'game plan:pass the ball to lebron AT ALL TIMES and DONT FOUL'..certainly we'll win  haha..go cavs goooo!,lebron,4
1977881484,0,"Cancer sucks, and the worst part is seeing what the chemo side effects are on my little girl ",cancer,0
1967954696,0,"obama, why are images of rape at abu ghraib &quot",obama,0
1978360280,0,"@mattmacdonaldis epic loss  I was disappointed in LeBron, he just couldn't sink anything in the second half.",lebron,0
1760209183,0,sorry. something's getting my facebook stuff and tweeting it. ,facebook,2
1996399755,4,"Back in Sydney. *Hugs*, Everyone ",sydney,2
1983327391,4,@Dannymcfly heyhey  and they love youuu! hahahaha! having a good time over in brazil then?,brazil,2
2049441872,4,"@thedebbyryan debby *-* hi, i'm carol from brazil, and i love you so much *-* please reply me ",brazil,2
2071912718,4,YAY!!!! LAKERS WIN ,lakers,4
1795134329,4,Raining Thursday in Brazil!!! And My mom's Birthay...  That woman is a warrior... Have a great day everyone!,brazil,2
1977850385,0,"aww i feel bad for lebron, he tried so hard but he has no other help on his team  he's still king james!",lebron,4
1827447082,0,@LeoWolfe PS. I was just trying to talk to you on facebook but you ignored me! ,facebook,2
2051434163,4,@KVAY2K  Hope you  are having a wonderful night.   I will be up again all night.  Sent you a message on YOUTUBE.  ,youtube,2
1832129583,0,@ZacBriley ouch harsh lol well then just reply to me on facebook? or dont even talk too me ,facebook,2
2052150181,0,"The PSP lineup for '09 is looking pretty solid, i might have to pick one up... But the Go is too far away ",psp,4
2061248584,4,@Oprah Phylicia Rashad is my idol...I dream of meeting her.  I love you too Oprah... ,oprah,4
1754626682,4,@jcutaia day 3 of mcdonalds breakfast &amp,mcdonalds,2
2067415918,4,w00t w00t! momz talks of possible goin' back to texas de brazil 4 another multi-celebration some time soon ,brazil,2
1565295599,4,Had my first Iced Carmel Macchiato from Starbucks this year today!! Then got to enjoy the sun and have class outside in the garden! ,starbucks,4
1983951192,4,@mileycyrus i voted for you! i hope u win!!!! and Taylor Swift too!!! ,taylor_swift,4
1881826639,4,@NYFab Happy graduations!  Say hi to Obama for us!!  (he's a bowler),obama,4
2055370237,4,England winning by 2 goals to nil right now ,england,4
1980541295,4,I want to meet Kevin Jonas in person. and Coco Martin. and Taylor Swift. ,coco_martin,4
1980541295,4,I want to meet Kevin Jonas in person. and Coco Martin. and Taylor Swift. ,taylor_swift,4
2072208051,4,@TDLQ Well it was just so so close the whole time! But at least they pulled it out! WOOT LAKERS! ,lakers,4
1467862887,4,can't wait for vegas ,vegas,4
2068629370,4,"LOL LOL if you're looking for good laugh, check out the homie @astronautKI facebook page ",facebook,2
2049421986,4,@MichaelNi Trader Joe's is one of my favorite things about Seattle. ,seattle,4
2049421986,4,@MichaelNi Trader Joe's is one of my favorite things about Seattle. ,trader_joe,4
1974445398,4,@eliizabetty maybe we will meet there. i want to go and study in london/england too ,england,4
1974445398,4,@eliizabetty maybe we will meet there. i want to go and study in london/england too ,london,4
1972721386,4,"@DebbieFletcher I saw them on Oprah the other day, they are really good! ",oprah,2
2013966241,0,"@praxxis To each their own though - I'll stick to PC/XBox360 gaming, Wii makes me sad these days ",wii,0
1975884713,0,Still on youtube and board ,youtube,2
1467970648,0,Lost my free copy of radioactive so can't put it on my ipod grr!And i can't go out + buy 'nother coz it came with that paper ,ipod,2
1548753352,4,@oprah welcome to twitter! ,oprah,2
1548753352,4,@oprah welcome to twitter! ,twitter,2
1978439793,4,Does anyone else really really LOVE the Lakers? ,lakers,4
2051673257,0,@tommcfly Why we didnt have meet and greet in Brazil? The videos in argentina are making me so sad  It isnt fair..,brazil,2
1881680448,0,"@syamira723  i really wanna watch that, but my dad is watching oprah! ",oprah,2
1835296378,0,Lol! watched csi today! it was the one with taylor swift!! but she died.. sad ,taylor_swift,2
2051279917,4,"i cant get over Taylor swift songs, repeated day and long. She's so awesome! ",taylor_swift,4
1933062571,0,@imraw88 Lebron is just the next Dominique Wilkins with the rate his teams are performing in the playoffs....or worse next Ewing...sad ,dominique_wilkins,0
1933062571,0,@imraw88 Lebron is just the next Dominique Wilkins with the rate his teams are performing in the playoffs....or worse next Ewing...sad ,lebron,0
1467972594,4,Monsters Vs Aliens in 3D was fantastic ... Ginormica is my new favourite superhero ,ginormica,4
1972182044,0,"why do i wake up at 7 oclock in vegas? also, details of the middle of my day are missing ",vegas,2
2065164008,0,Maybe a long shower will make me feel better  Ugh. I fucking hate America's health care system. We need to be like England!,england,6
1555867833,0,Back from Cleveland!  Miss it already    Listened to Lauren sing the whole 3 hour drive back home- felt like Gayle and Oprah on a roadtrip,oprah,6
1881503086,4,new music videos today in my YouTube Channel. thanks and please subscribe.  lol. http://bit.ly/17NsuD,youtube,2
1548913015,4,"@divabat Hahahaaaaa! I'd like to meet your Mum someday, and talk about Oprah with her, Her likes and Dislikes, and here her opinion on it ",oprah,2
1966963559,4,off to shipmates to watch the laker game  lets go lakers!!!,lakers,4
1792073381,4,Obama was awesome at my graduation tonight! What a hunk ,obama,4
1833546355,4,"Left home this morning without my iPhone. Spent an ENTIRE day outdoors without cell, Internet, texts, etc. It was AWESOME! ",iphone,2
1982720485,4,"I'm looking some videos of McFly in Brazil, always awsome ",brazil,2
2053125094,0,whywhywhy do Rookie Of The Year not come to England  someone send them lots of money so I can see them...,england,2
2063945847,0,thinks: ceiling lights + ceiling fan = bad = flickering shadows = headache ,headache,0
1968000023,4,Lakers are going to the finals baby!  I  heart my boyfriend ,lakers,4
1677249264,0,"Ooh snap Vegas, the real City-City @babyscratch that's where I need to be. Your in Paradise Mamma WTF am I doing in Rotterdam ",vegas,6
2013925793,4,"also, SOOOOO excited to see Taylor Swift, in Omaha, August 9th!! ",omaha,4
2013925793,4,"also, SOOOOO excited to see Taylor Swift, in Omaha, August 9th!! ",taylor_swift,4
1989086714,4,new video on youtube   YAYY   its shuffling though~ not singing xDD   a video for that is comin right up ,youtube,2
2046309947,4,Waking up in Vegas - Katy Perry  i like this song ,katy_perry,4
2046309947,4,Waking up in Vegas - Katy Perry  i like this song ,vegas,4
1467841957,4,@suitelifeofkell that's freakin' cooool   i love twitter .haha,twitter,4
2001224053,4," I cheer myself up when I'm down by listening to my playlist called, Genius: Ballads and Cellos. I love my iPod and my taste of music.",ipod,4
1956055893,4,So they pulled it off? Congrats to the Cavs. I know Usher is happy. ,cavs,4
1956055893,4,So they pulled it off? Congrats to the Cavs. I know Usher is happy. ,usher,4
1964680220,0,iPod touch = brick.  ,ipod,0
1999628521,4,@athena422 Right on...I saw 'Ryche in Vegas at the end of April and they were awesome as usual ,vegas,2
2049595198,0,chillin re-watching INSIDE THE OBAMA WHITE HOUSE...I love our Pres and his family ,obama,2
1957671816,4,"@noahbeaar Hi Noah! Omgsh I Think Your So Cute, You Look Like Miley  Awwww! How Are Youu? Im 14 &amp",london,2
1978479814,4,@AlexAllTimeLow i have a house boat in seattle you could all get wasted on next time youre here...can hols 100 people ,seattle,2
2058175875,0,So sad. It was right after I used to live in Northest Brazil. Luto. ,brazil,2
1881502097,0,Doing nothing in math so I'm listening to my iPod and trying to find a game to play on my iPhone... very unsuccessful so far ,ipod,2
1693434000,0,has the worst sinus headache ,headache,0
1961550160,4,@egodbois  it's good to see you here as well on our facebook! Thanks for being a fan ,facebook,2
2057350304,0,"@Jonasbrothers Hey guys, what happened to your YouTube account!?  It says it's suspended.",youtube,2
1992646565,4,"@guardiantech sounds great  can't wait for E3 and the WWDC. New iPhone and PSP Go, possible new Xbox (wishful thinking)",iphone,4
1992646565,4,"@guardiantech sounds great  can't wait for E3 and the WWDC. New iPhone and PSP Go, possible new Xbox (wishful thinking)",psp,4
1992646565,4,"@guardiantech sounds great  can't wait for E3 and the WWDC. New iPhone and PSP Go, possible new Xbox (wishful thinking)",xbox,4
1468013773,0,Someones alarm clock or a phone woke me up at 3am...Still got my headache from yesterday night ,headache,0
1998326748,0,Going to starbucks to study. I hate finals week ,starbucks,2
1792614584,4,@shaycarl I'm watching your videos in youtube  you are so funny!! ),youtube,2
1679862917,0,"Hello Twitters! Sorry I've been MIA, sitting @ the airport in Rome, getting ready  to leave  for London!  I'm so going to miss it here!",london,6
1880996664,0,has a major headache  Beer....,headache,0
1914415450,0,I'm soooo hungry!!! And all I see is McDonalds.   I guess I'll be having a Two Cheeseburger meal for lunch.,mcdonalds,0
1956038401,4,on youtube trying to find some good videos to see ,youtube,2
1467952978,4,"I was watching Pride and Prejudice, one of the  best movies ever, I love this movie! and the book too ",pride_and_prejudice,4
2044381800,4,"In sunny Sunderland for a wedding. Out tonight, England match tomorrow and wedding itself Sunday. Wedding in haunted house ",england,2
2016419059,4,@jonasnessica heyy sweets!! I started reading your fanfic! It's awesome so far  ignre what I wrote on YouTube ,youtube,2
1976998437,0,....wow the CAVS are sleeping ! I hate these blowout games ,cavs,0
2053389358,4,i enjoyed shopping with my mam  i really cant wait till london &lt,london,4
1752645090,4,Woo CAVS.  Happy Mother's Day! ,cavs,4
1559610929,4,I love my new tiny cute little iPod! Thank you @Santino_gq! Xoxoxox!!! ,ipod,4
1548284923,4,"Jasmine Tea, New iPod, Girls Next Door, Anchorman, dinner in the oven, clean teeth, puppy asleep next to me, the weekend. Oh so good! ",ipod,4
1548284923,4,"Jasmine Tea, New iPod, Girls Next Door, Anchorman, dinner in the oven, clean teeth, puppy asleep next to me, the weekend. Oh so good! ",jasmine_tea,4
1970571836,4,using my new app p-twit for psp and i love it! snitter and p-twit are the best! go and try it yourself.. ,psp,4
2065575019,4,"@iamjonathancook Good morning Jonathan  its 1:51am in Sydney having midnight snacks...stupid time difference,u couldve joined me!haha xx",sydney,2
1467916733,4,tweeting from my brand new Sony PSP... just because I CAN!!  ,psp,4
2055696526,4,http://twitpic.com/6r413 - On the way to Vegas ,vegas,4
1548782491,4,"@Oprah Good nite Oprah, good show today ",oprah,4
1687934386,4,Seattle is sunny atm.   Need to go take advantage of it before it rains again.   I'm outta here for a bit..   ,seattle,4
1750966058,4,Eatin nachos watchin the game.!  all i gOtta say is LebrOn is a Beast. ! dO anybOdy feel me.? ,lebron,4
1977054570,4,Lakers and Orlando on NBA Finals! Woohoo! Sorry guys.. but your Nuggets &amp,cavs,6
1977054570,4,Lakers and Orlando on NBA Finals! Woohoo! Sorry guys.. but your Nuggets &amp,lakers,6
2039871022,4,its amazing how a starbucks caramel frappucino can relieve stress..itz seriously an exordianry drink..am feelin much the better now! ,starbucks,4
2055744955,4,It's all over and England are the winners with 4 goals to 0. Roll on Wednesday when I can actually watch on terrestrial TV ,england,4
1971423004,4,@ddlovato yesterday &quot,brazil,2
1961789152,4,"@markhoppus  hey mark!!  so glad to see you guys all back together   seen youse when you played newcastle arena , england, great show!! ",england,2
1976387605,0,My head hurts. I had a fever last night. ,fever,0
1982142061,0,I am... So Pissed off @ that game last night!... Damn It LeBron!... ,lebron,0
1956615531,0,Damn Cavs won!!   Ready for the Lakers tomorrow!!!,cavs,2
1956615531,0,Damn Cavs won!!   Ready for the Lakers tomorrow!!!,lakers,2
2052859663,0,@JoDunbarxx back to standard old rainy England ,england,0
2072263639,0,has a headache ,headache,0
2050611170,0,@lakersnation LOL. I can't DM you about the tix if you're not following me.  Silly twitter!,twitter,0
1989089771,0,@LariiTran OMG!! Where's the trailer? I can't find it on youtube. ,youtube,2
1977809487,0,You can call me a HATER but..... The CAVS SUCK! ,cavs,0
1880124549,0,Hungover headache today  got paid today = more drinking tonite on the + side I lost 2 more pounds on the diet... Hope today's quiet @ work,headache,0
2070419949,0,"@tommcfly Tooom, come back to Brazil ",brazil,2
1793721822,0,headache  i still wait my DVD... I need McFly!!!,headache,0
1753218689,0,"@Dezz_MCR I don't like England at all, it's boring, crap and my accent sucks majorly ",england,0
2069207739,0,i want my mom to come home so she can get mcdonalds for me  i am starving,mcdonalds,4
1880913179,0,@JonasAustralia absolutely nothing. like watching JONAS on youtube and homework ,youtube,2
1976545020,0,"Watching the Cavs game, I was looking for a game 7, but I guess not ",cavs,2
2242129321,0,#inaperfectworld i would have enough money to buy tickets for the jonas brothers and taylor swift concerts ,jonas_brothers,4
1467836448,0,Strider is a sick little puppy  http://apps.facebook.com/dogbook/profile/view/5248435,facebook,2
2003279989,0,Disappointed!  Lebron James is a sore loser! &quot,lebron,0
2003279989,0,Disappointed!  Lebron James is a sore loser! &quot,lebron_james,0
1998779058,0,Too worked up and excited. Must focus on a theoretical proposal on a stem-cell based pancreatic cancer therapy. Pancreatic cancer sucks ,cancer,0
1998779058,0,Too worked up and excited. Must focus on a theoretical proposal on a stem-cell based pancreatic cancer therapy. Pancreatic cancer sucks ,pancreatic_cancer,0
1997005456,0,i went to my room 2 hours ago to study for my econ exam tomorrow. but all i ended up doing was watching an epi of oprah and taking a nap. ,oprah,2
1957218733,0,@lizhodgins I heard your moving to Sydney next year im not happy ,sydney,2
2001391448,0,did ALL our work in one day and now im paying for it with one hellofa headache  My man went to get McDonalds for dinner so i dont cook xxo,headache,6
2001391448,0,did ALL our work in one day and now im paying for it with one hellofa headache  My man went to get McDonalds for dinner so i dont cook xxo,mcdonalds,6
2060274119,0,@ricochetsrapid sorry buddy... I haven't been on facebook  hope things get better,facebook,2
1754791457,0,still has a killer headache. I thought it would be gone by now. ,headache,0
2017349908,0,"@tommcfly I already miss you guys! One day you will come back to Brazil, won't you? ",brazil,2
1825767597,0,Whats the weather doing in Wimbledon (London)? I see there is tennis action at 3.30 on BBC2 Don't say it's raining there too ,london,2
1675960197,0,I feel feverish: sweaty and shivery. fever is a symptom of piggy flu. noooo ,flu,0
1573610333,0,@CannonGod My Hay Fever is awful already. Nipping into the village later and get myself some Piriton. ,fever,0
1985162535,0,"I just woke up, thanks to my friend screaming in my house..been in bed w a freakin headache. ",headache,0
2039823668,0,please don't eat VEAL people. just saw a video of how calves are reared then slaughtered on oprah - so sad for the poor baby cows ,oprah,2
1556133069,0,Is never going to eat McDonalds again! They have ruined the humble junior burger with pepper  and now it tastes like crap,mcdonalds,0
1557079900,0,is up and has a bad headache ,headache,0
1965880541,0,@amalah I am very jealous.  I was supposed to go see it in Seattle with a friend this summer but she had to bail out because of work ,seattle,2
2058876465,0,@jonasbrothers http://twitpic.com/6q1om - OMG the JonasÂ´s youtube page is closed now      why?,youtube,2
1978762021,0,"#Cavs lost, Lebron may be the king but he needs more help from his people!  worst day ever.",cavs,4
1978762021,0,"#Cavs lost, Lebron may be the king but he needs more help from his people!  worst day ever.",lebron,4
1753038233,0,@_despina my friend took off the obama pin and lit it on fire ,obama,2
1971382920,0,@LesleyLambert I'm hurting for a java   home brew or starbucks?,starbucks,2
1975168530,0, the closest BGT tour is Cardiff or London dam it why doesnt anybody other than the Chuckle Brothers tour the Westcountry?,london,2
1973328639,0,so sad my bb is dead  I want it to live again.. Vegas anyone?,vegas,2
1990302335,0,"just poured a glass of wine.Was waiting for pizza from our old friend in sydney but have just been told it's not happening,I miss mario's ",sydney,6
1963497979,0,In Seattle Washington....im SOOOOO hungry&amp,seattle,6
1824344171,0,#3turnoffwords &quot,lakers,0
1997887403,0,My little man has the fever virus   ,fever,0
1964226896,0,"@MrJRGregory Im 20 - believe me, I've tried! I'm just too ginger! Freckles join up on my face - that's it!  get it out a bottle cancer ...",cancer,0
1989865653,0,"In Sydney, three hours into my journey. Bored and cheia de saudades. Bah ",sydney,2
1972116103,0,carnt belive getaway plan had there last show in sydney and i wasnt allowed to go  ima so sad,sydney,2
1996993583,0,I'm getting a headache. ,headache,0
1882473775,0,trying to accept the fact that I cannot walk the Weekend To End Breast Cancer this year   This is a hard reality for me...,cancer,0
1967820975,0,"I dnt think this is a happy birthday fa my baby Melo  lol oh well , I'm ready to see this Lakers/Cavs match-up!!",cavs,2
1967820975,0,"I dnt think this is a happy birthday fa my baby Melo  lol oh well , I'm ready to see this Lakers/Cavs match-up!!",lakers,2
1964380163,0,My flip flop just broke...walking in downtown seattle ,seattle,2
1977858778,0,PSP Go... slightly disappointing! ,psp,0
2008998013,0,"My Arm, leg, back and stomach burns just went tan...my forehead burn however, is red and sore and now I have a headache ",headache,0
1882381300,0,@Lisa_Sparxxx whats with the Lakers and buttery fingers in the last minute? The really pissed me off ,lakers,0
2053955692,0,"Just had a horrible message left on one of my YouTube videos, just when I was starting to feel better ",youtube,2
1973331663,4,More songs on my iPod. Love it! ,ipod,4
2001431115,0,"goodmorning, my hay fever is acting up again.. bluhhh ",fever,0
2017351033,0,@LittleLiverbird DAM it was to cure your hiccups...altho I feel slightly guilty....... type in scary maze game into youtube! SORRRRY ,youtube,2
1969265862,4,http://bit.ly/16BoLQ  FTSK's version of Taylor Swift's LOVE STORY )) love it! I love them both! ,taylor_swift,4
1967006036,4,yay verizon might get an iphone ,iphone,4
1967006036,4,yay verizon might get an iphone ,verizon,4
2064155440,0,last nite i found out my sis in law has cirvical cancer ,cancer,0
1467901421,0,The Super Red Diva !!!  Stupid University ,university,0
1572845018,4,@LanceGross lakers all day everyday!!!!! ,lakers,4
2065299856,4,Starbucks! The best way to start the morning ,starbucks,4
1676934282,0,"Just got home from work a little bit ago! Too busy to twitter, lately.  Work isn't as much fun when everyone's in Vegas but you!",twitter,2
1676934282,0,"Just got home from work a little bit ago! Too busy to twitter, lately.  Work isn't as much fun when everyone's in Vegas but you!",vegas,2
1993645229,4,Listening to Beatles songs on Pandora  so get hyped up for Beatles Rock Band #xboxE3,beatles,4
1993645229,4,Listening to Beatles songs on Pandora  so get hyped up for Beatles Rock Band #xboxE3,pandora,4
1993986234,0,Shame Ubisoft won't be showing Beyond Good &amp,xbox,0
1971178953,0,I have a headache and it won't go away ,headache,0
1977619106,0,@Jalen_Rose what u think about ur boy LeBron dipping after the game not sayin' nuthin 2 Dwight r the other Magic players? Ugh! ,lebron,2
1955815781,0,@jessgirl I still feel like crap. The fever is alive and well. ,fever,0
1833614949,0,is off work today with a throbbing headache. My whole head feels like its pulsating ,headache,0
1956989514,0,@sweeetnspicy hiii im on my ipod...i cant fall asleep ,ipod,2
1979466799,4,"@phyonetizen Thanks for adding me on Facebook, Phyo ",facebook,2
1975594969,4,"Great day in London, lovely to see all! ",london,4
1771005370,4,@mitchelmusso I love your new hair  You have to come to england sometime!,england,2
2049003898,4,"@twinsmvb i will be rooting for twins in seattle this weekend! shhh, don't tell my mariners friends ",seattle,2
2002305697,4,President obama will be arraive to ksa riyadh tomorrow....welcome there we love you so much ,obama,4
2002305697,4,President obama will be arraive to ksa riyadh tomorrow....welcome there we love you so much ,riyadh,4
2062315349,4,"cant wait till 3am, mcdonalds breakfast ",mcdonalds,4
1992419690,0,Home sick. I have a sore throat and fever. ,fever,0
1973087020,4,@AllThingsFresh beautiful &amp,seattle,4
1973484408,0,&quot,psp,0
1881977936,4,had a nice lunch at McDonalds  so sleepy now,mcdonalds,4
2003534893,0,@ChloePatrick4 Yes they crashed 640km northeast of Brazil's fernando do norohna island ,brazil,2
1971577102,4,"I'm going to prepare a tea... and then, try to have a nice conversation with a lovely person from England ",england,2
2071945177,4,Lakers win...Kobe is such a beast I swear....Lebron is still the GOAT   ....Magic played a good game though bad calls saved the Lakers ass,lakers,4
2071945177,4,Lakers win...Kobe is such a beast I swear....Lebron is still the GOAT   ....Magic played a good game though bad calls saved the Lakers ass,lebron,4
1882619642,4,@LovelyCharles Get an iPhone. ,iphone,4
1961574579,0,"@spryken ah, I'm so sorry it  I played a game of PSP with my friend tonight, and returned a while ago.",psp,2
2063716989,4,i just woke up and im ready to eat my McDonalds ,mcdonalds,4
2071541669,4,can't wait for the lakers to lose ,lakers,0
1882320575,4,@IntriguingDs Ahh...I love your music. Missed you in Seattle. ,seattle,2
1468006013,4,"@RobKardashian Rob, Your my fav Kardashian, Please say Hi to me ",kardashian,4
2069344376,4,Waiting for Game 2 To Start! GO LAKERS ,lakers,4
1996477797,4,even though i should be in bed im watching videos on youtube   i love watching the final dance in step up 2..... http://tinyurl.com/mg8ppc,youtube,2
2058997597,4,@Larissa_Ione I LOVED Taming the Fire! I emailed sydney croft with all the reasons why ,sydney,2
1467862998,4,@lhawthorn What a coincidence! I was just stalking your Twitter feed and the GSoC news. ,twitter,2
2013303495,4,@ColinCancer HAHA  very funny! So what or who encouraged you to create a Twitter?,twitter,2
1883651297,0,Just doesn't feel right withou my morning starbucks ,starbucks,4
1467853135,0,Oh - Just got all my MacHeist 3.0 apps - sweet. Didn't get the Espresso serial no though although they said they sent it - oh well ,macheist,4
2061557825,0,wants an Xbox 360.  http://plurk.com/p/yzkzb,xbox,4
1685791368,0,"Twitter sucks, I'm only on here to follow Ellen, Oprah and Shane  so I dont follow me because i'm never on here",oprah,6
1685791368,0,"Twitter sucks, I'm only on here to follow Ellen, Oprah and Shane  so I dont follow me because i'm never on here",twitter,6
1823561126,0,Had to curtail my scooter ride due to rain...this place is geting like Seattle ,seattle,0
2058475045,0,Google contacts on Pre. Problem is that it imports all contacts while the iphone just imports 1 folder 'my contacts'. Have to clean'em up ,iphone,2
1982089919,0,@winstano the new psp looks horrrrriiiiid ,psp,0
1564430868,0,only 3 weeks left in london ,london,4
2045826754,0,@khlovess22 imma check it out when I get home. my school blocked youtube ,youtube,2
1677327208,0,Is sat Outside mcdonalds waiting for dale's mum. Its too early ,mcdonalds,2
2053014136,0,@heybonnie they didn't play vegas at the sydney show last night either ,sydney,2
2053014136,0,@heybonnie they didn't play vegas at the sydney show last night either ,vegas,2
2051552134,0,@shigirl2224 aww sorry ur feelin sick still hun.  i wrote ya a comment on facebook a few hrs ago-didya get it?i gotta b at gym by 9am  ...,facebook,2
1995125756,0,"feeling the need for some tea from Starbucks, but @valeriehanneken isn't here to join my coffee trip ",starbucks,2
1991365086,0,@j0ames meee!... too bad I live in Sydney! Make down under your next trip ,sydney,2
1678330204,0,OMG my headache killing me ,headache,0
1990311051,0,"PLEASE does anyone have youtube links to the mtv backstage stuff, the flash upgrade nearly killed my computer   HELP!!!",youtube,2
1555924488,0,@GpaHill not really. England and Sweden (and perhaps more) have it too. But ours' punishment is extremely harsh ,england,2
2066439491,0,Selena made me want to go to starbucks ,starbucks,2
1468006169,0,@ashman01 My only complaint about Facebook is they've changed it so much it's confusing ,facebook,0
2064220891,0,"Going home to Sydney tomorrow. I hope I won't get too bored at home, also, I have a strange feeling I will miss people in Canberra a lot ",sydney,2
2058287544,0,"My suitcase has been with me to england, greece, italy, france, china, philippines and more, this may be its last trip ",england,2
2002295494,0,The new PSP looks crap!  Such a disappointment after the conceot pics that were floating around ,psp,0
1956572302,0,I really need to stop checking my Facebook every 3 seconds hoping there's a message from Kyle ,facebook,2
2051295386,0,"Up for DMB, dr., then slept all day. Have a fever, no big deal, but Dad couldn't come down tonight.  Here's hoping for next weekend!",fever,0
2070258875,0,"@TikkaMadsen @gogomago what are you two up to?  Ah shit, Miguel's gone?   I wonder if he blames Obama for Twitter, LOL...",obama,2
2070258875,0,"@TikkaMadsen @gogomago what are you two up to?  Ah shit, Miguel's gone?   I wonder if he blames Obama for Twitter, LOL...",twitter,2
1996047169,0,i thought paulo was tomorrow  BUT i did have a grand day in ayr. now i have 3rd degree burns and most likely skin cancer.,cancer,0
1996047169,0,i thought paulo was tomorrow  BUT i did have a grand day in ayr. now i have 3rd degree burns and most likely skin cancer.,paulo,0
1996047169,0,i thought paulo was tomorrow  BUT i did have a grand day in ayr. now i have 3rd degree burns and most likely skin cancer.,skin_cancer,0
1685808674,0,@RealKidPoker You're in Wolverine?! Now I know I'm never gonna receive a Twitter reply or get to meet u during my Vegas trip this year. ,twitter,2
1685808674,0,@RealKidPoker You're in Wolverine?! Now I know I'm never gonna receive a Twitter reply or get to meet u during my Vegas trip this year. ,vegas,2
1833983889,0,"Splitting headache. Seriously. It feels like the left side of my head is going to fall off. (At this point, I kind-of wish it would.)   ",headache,0
1834582851,0,i got a realy bad headache ,headache,0
1932404163,0,Good afternoon Twerts! I'm satying at home. Thanks to the fever and........the rashes. ,fever,0
2016135182,0,"@ashleyarrison, Us sydney siders are bummed with no show!!!  so sad i could not make melbourne,,,,",sydney,2
2072416054,0,@Vicstar   Game's over.. Screw the Lakers,lakers,0
1558910666,0,Youtube is being as sporadic as twitter right about now. ,twitter,0
1558910666,0,Youtube is being as sporadic as twitter right about now. ,youtube,0
2014490945,0,GAH!  I hate it when my children get a fever in the summer   stupid bugs!  STUPID WEATHER!!!,fever,0
1984946642,0,kinda bummed the RedWings Pre-game show is on and i cant watch Taylor Swift's Dateline show. ,taylor_swift,4
1835398628,0,Tomorrow is celebrity day. I was going to be taylor swift. A dress and cowboy boots. But i have a field trip ,taylor_swift,4
1469044701,0,is home from Sydney but didn't bring back any doughnuts ,sydney,2
1976070943,0,Why is my PSP always dead when I want to use it? ,psp,0
1976953174,0,yo f*ck this game! CAVS done pissed me off for the night. finna write some music and go get intoxicated at the club ,cavs,0
1793953477,0,"@Nusretnina I know how you feel, it had the same effect on me!! Its the 3rd anniversary of my mums death to cancer tomorrow   xx",cancer,0
1469390291,0,"facebook is being a 'tard -.-'' I can't get a hold of my cousin and don't want to go out alone, 'cause that's no fun ",facebook,0
1977383119,0,Damn I left town and forgot the charger for my iphone. Major ,iphone,2
1995894892,0,@JTalk100 Hope your headache stop soon.I'm about 2 die....  I miss MaryJane so much. That was my boo! Lol,headache,0
1995894892,0,@JTalk100 Hope your headache stop soon.I'm about 2 die....  I miss MaryJane so much. That was my boo! Lol,maryjane,0
1825008476,0,"@LaurenConrad The Hills wont be the same without you Lauren,I am in sydney,Australia and I think I will stop watching ",sydney,2
1753389052,0,Noooooooo!!! There are clips missing on youtube ,youtube,2
1574043511,0,I've had a headache for 2 days and it won't go away ,headache,0
2016247619,0,@dhein i think Germany is boring. When i grow up i would move  to England or Canada ,england,6
1573255096,0,@selenagomez i'm so sorry the youtube video you accidentally deleted was the dance video one   i was just about to watch it again...,youtube,2
1880408168,0,oh... burning up. this is not good. fever ,fever,0
1980717563,0,@NoLoveInTheCity Morning Princess....I couldnt find your youtube..i was sad ,youtube,2
1991910117,0,@SweetSoaps OMG OMG!!  Good luck!  I've been through the Oprah process myself but it ended in disappointment. ,oprah,2
1555730489,0,"Was gonna play Guitar Hero with Prince Charming on Xbox Live, but buttface dad said 'no'. ",xbox,2
2004395708,0,@dougiemcfly &quot,brazil,2
2059873194,0,@BlindMonkey I want to play   I need to finally break down and get an xbox 360.,xbox,4
2053613947,0,I wished I wouldn't be so tired ... and with headache ... no interest in going drinking or anything  life sucks,headache,0
1996848607,0,123 more days until i get to see Taylor Swift in concert...thats way to long ,taylor_swift,4
1985910766,0,facebook is stuck on stupid ,facebook,0
2058279546,0,I eat mcdonalds way too much ,mcdonalds,0
1976719317,0,"Going to a funeral/memorial service. Ugh, I wish we would find a cure for cancer already. ",cancer,0
1795265418,0,@SarahAMurdoch tahnee and lola are defs my favs! Im an addict and have to get my hit from youtube though- apt block doesnt have cable!! ,youtube,2
1933131868,0,Burned his hand on the grill at McDonalds  I guess it will be harder to finger dick hungry girls tonight :/,mcdonalds,2
1827501569,0,Y is kearth 101 riddled with cancer commercials? Kinda depressing ,cancer,0
1468305298,0,Coke Zero mobile site broken... on iPhone anyway...   http://twitpic.com/2y5xp,iphone,2
2053634746,0,@coollike Hey how much friends have you got on Xbox cause your friends list is full it would not let me add you. ,xbox,2
1972498174,0,Studying history in Starbucks  So cold and nervous.,starbucks,2
2054850399,0,@tommcfly doesn't has it to sell in Brazil. I'M CRYINGGG! ,brazil,2
2030659197,0,As i read a few minutes ago... the visit of Obama in dresden is only an accommodation to Merkel (German chancellor).No touristic program ,obama,2
1677158488,0,@Gconscious i'm doing another move (back to seattle) over the next couple weeks! i miss everyone and music ,seattle,2
1834449265,0,@shaundiviney hey radio staion the 101.3 one dnt work for sydney  it just flick 2day fm playing im on a boat,sydney,2
1982476349,0,Can't finish my damn homework. Fifty more questions to go. I want to play xbox ,xbox,4
2013743788,0,@leehopkins ok you guys are just too adorable! You should have given us notice so we could have maybe met you in Seattle! ,seattle,2
2053385413,0,I miss him so much  sosososo much. I wanna be in sydney,sydney,2
1467871661,0,"I miss you twitter. My phone broke, now I'm using a stupid Nokia phone. Ughhh, I miss my advance phone. ",twitter,6
2016105580,4,Good morning everyone!  It is such a beautiful day here in New England!  ,england,4
